frame,frame_time_ms
0,0.0015
1,0.0015
2,0.0015
3,0.0015
4,0.0015
5,0.0015
6,0.0015
7,0.0015
8,0.0015
9,0.0015
10,0.0015
11,0.0015
12,0.0015
13,0.0015
14,0.0015
15,0.0015
16,0.0015
17,0.0015
18,0.0015
19,0.0015
20,0.0015
21,0.0015
22,0.0015
23,0.0015
24,0.0015
25,0.0015
26,0.0016
27,0.0016
28,0.0016
29,0.0016
30,0.0016
31,0.0016
32,0.0016
33,0.0016
34,0.0016
35,0.0016
36,0.0016
37,0.0016
38,0.0016
39,0.0016
40,0.0016
41,0.0016
42,0.0016
43,0.0016
44,0.0016
45,0.0016
46,0.0016
47,0.0016
48,0.0016
49,0.0016
50,0.0016
51,0.0016
52,0.0016
53,0.0016
54,0.0016
55,0.0016
56,0.0016
57,0.0016
58,0.0016
59,0.0016
60,0.0016
61,0.0016
62,0.0016
63,0.0016
64,0.0016
65,0.0016
66,0.0016
67,0.0016
68,0.0016
69,0.0016
70,0.0016
71,0.0016
72,0.0016
73,0.0016
74,0.0016
75,0.0016
76,0.0016
77,0.0016
78,0.0016
79,0.0016
80,0.0016
81,0.0016
82,0.0016
83,0.0016
84,0.0016
85,0.0016
86,0.0016
87,0.0016
88,0.0016
89,0.0016
90,0.0016
91,0.0016
92,0.0016
93,0.0016
94,0.0016
95,0.0016
96,0.0016
97,0.0016
98,0.0016
99,0.0016
100,0.0016
101,0.0016
102,0.0016
103,0.0016
104,0.0016
105,0.0016
106,0.0016
107,0.0016
108,0.0016
109,0.0016
110,0.0016
111,0.0016
112,0.0016
113,0.0016
114,0.0016
115,0.0016
116,0.0016
117,0.0016
118,0.0016
119,0.0016
120,0.0016
121,0.0016
122,0.0016
123,0.0016
124,0.0016
125,0.0016
126,0.0016
127,0.0016
128,0.0016
129,0.0016
130,0.0016
131,0.0016
132,0.0016
133,0.0016
134,0.0016
135,0.0016
136,0.0016
137,0.0016
138,0.0016
139,0.0016
140,0.0016
141,0.0016
142,0.0016
143,0.0016
144,0.0016
145,0.0016
146,0.0016
147,0.0016
148,0.0016
149,0.0016
150,0.0016
151,0.0016
152,0.0016
153,0.0016
154,0.0016
155,0.0016
156,0.0016
157,0.0016
158,0.0016
159,0.0016
160,0.0016
161,0.0016
162,0.0016
163,0.0016
164,0.0016
165,0.0016
166,0.0016
167,0.0016
168,0.0016
169,0.0016
170,0.0016
171,0.0016
172,0.0016
173,0.0016
174,0.0016
175,0.0016
176,0.0016
177,0.0016
178,0.0016
179,0.0016
180,0.0016
181,0.0016
182,0.0016
183,0.0016
184,0.0016
185,0.0016
186,0.0016
187,0.0016
188,0.0016
189,0.0016
190,0.0016
191,0.0016
192,0.0016
193,0.0016
194,0.0016
195,0.0016
196,0.0016
197,0.0016
198,0.0016
199,0.0016
200,0.0016
201,0.0016
202,0.0016
203,0.0016
204,0.0016
205,0.0016
206,0.0016
207,0.0016
208,0.0016
209,0.0016
210,0.0016
211,0.0016
212,0.0016
213,0.0017
214,0.0017
215,0.0017
216,0.0017
217,0.0017
218,0.0017
219,0.0017
220,0.0017
221,0.0017
222,0.0017
223,0.0017
224,0.0017
225,0.0017
226,0.0017
227,0.0017
228,0.0017
229,0.0017
230,0.0017
231,0.0017
232,0.0017
233,0.0017
234,0.0017
235,0.0017
236,0.0017
237,0.0017
238,0.0017
239,0.0017
240,0.0017
241,0.0017
242,0.0017
243,0.0017
244,0.0017
245,0.0017
246,0.0017
247,0.0017
248,0.0017
249,0.0017
250,0.0017
251,0.0017
252,0.0017
253,0.0017
254,0.0017
255,0.0017
256,0.0017
257,0.0017
258,0.0017
259,0.0017
260,0.0017
261,0.0017
262,0.0017
263,0.0017
264,0.0017
265,0.0017
266,0.0017
267,0.0017
268,0.0017
269,0.0017
270,0.0017
271,0.0017
272,0.0017
273,0.0017
274,0.0017
275,0.0017
276,0.0017
277,0.0017
278,0.0017
279,0.0017
280,0.0017
281,0.0017
282,0.0017
283,0.0017
284,0.0017
285,0.0017
286,0.0017
287,0.0017
288,0.0017
289,0.0017
290,0.0017
291,0.0017
292,0.0017
293,0.0017
294,0.0017
295,0.0017
296,0.0017
297,0.0017
298,0.0017
299,0.0017
300,0.0017
301,0.0017
302,0.0017
303,0.0017
304,0.0017
305,0.0017
306,0.0017
307,0.0017
308,0.0017
309,0.0017
310,0.0017
311,0.0017
312,0.0017
313,0.0017
314,0.0017
315,0.0017
316,0.0017
317,0.0017
318,0.0017
319,0.0017
320,0.0017
321,0.0017
322,0.0017
323,0.0017
324,0.0017
325,0.0017
326,0.0017
327,0.0017
328,0.0017
329,0.0017
330,0.0017
331,0.0017
332,0.0017
333,0.0017
334,0.0017
335,0.0017
336,0.0017
337,0.0017
338,0.0017
339,0.0017
340,0.0017
341,0.0017
342,0.0017
343,0.0017
344,0.0017
345,0.0017
346,0.0017
347,0.0018
348,0.0018
349,0.0018
350,0.0018
351,0.0018
352,0.0018
353,0.0018
354,0.0018
355,0.0018
356,0.0018
357,0.0018
358,0.0018
359,0.0018
360,0.0018
361,0.0018
362,0.0018
363,0.0018
364,0.0018
365,0.0018
366,0.0018
367,0.0018
368,0.0018
369,0.0018
370,0.0018
371,0.0019
372,0.0019
373,0.0019
374,0.0019
375,0.0019
376,0.0019
377,0.002
378,0.002
379,0.0021
380,0.0022
381,0.0022
382,0.0023
383,0.0024
384,0.0029
385,0.0029
386,0.003
387,0.0033
388,0.0034
389,0.0037
390,0.0038
391,0.0038
392,0.004
393,0.004
394,0.0041
395,0.0041
396,0.0041
397,0.0043
398,0.0044
399,0.0044
400,0.0046
401,0.0046
402,0.0047
403,0.0049
404,0.0049
405,0.0049
406,0.0051
407,0.0052
408,0.0053
409,0.0053
410,0.0054
411,0.0054
412,0.0056
413,0.0056
414,0.0058
415,0.0062
416,0.0062
417,0.0062
418,0.0062
419,0.0062
420,0.0063
421,0.0063
422,0.0064
423,0.0064
424,0.0064
425,0.0064
426,0.0064
427,0.0064
428,0.0065
429,0.0065
430,0.0065
431,0.0065
432,0.0066
433,0.0066
434,0.0066
435,0.0067
436,0.0067
437,0.0067
438,0.0067
439,0.0067
440,0.0067
441,0.0068
442,0.0068
443,0.0068
444,0.0069
445,0.007
446,0.007
447,0.0071
448,0.0071
449,0.0073
450,0.0074
451,0.0077
452,0.0079
453,0.0079
454,0.008
455,0.0088
456,0.0098
457,0.0111
458,0.0111
459,0.0113
460,0.0113
461,0.0113
462,0.0113
463,0.0114
464,0.0114
465,0.0115
466,0.0115
467,0.0116
468,0.0116
469,0.0116
470,0.0117
471,0.0117
472,0.0118
473,0.0119
474,0.0119
475,0.0119
476,0.0119
477,0.012
478,0.012
479,0.0121
480,0.0121
481,0.0121
482,0.0122
483,0.0122
484,0.0122
485,0.0122
486,0.0122
487,0.0123
488,0.0123
489,0.0123
490,0.0123
491,0.0123
492,0.0124
493,0.0125
494,0.0125
495,0.0126
496,0.0126
497,0.0126
498,0.0127
499,0.0127
500,0.0128
501,0.0128
502,0.0128
503,0.0129
504,0.0129
505,0.0129
506,0.0129
507,0.013
508,0.013
509,0.0131
510,0.0131
511,0.0131
512,0.0131
513,0.0132
514,0.0132
515,0.0132
516,0.0133
517,0.0133
518,0.0133
519,0.0134
520,0.0134
521,0.0135
522,0.0135
523,0.0136
524,0.0136
525,0.0137
526,0.0137
527,0.0137
528,0.0138
529,0.0138
530,0.0138
531,0.014
532,0.014
533,0.014
534,0.0141
535,0.0141
536,0.0141
537,0.0142
538,0.0144
539,0.0144
540,0.0148
541,0.0149
542,0.015
543,0.0153
544,0.0158
545,0.0159
546,0.0159
547,0.0159
548,0.016
549,0.016
550,0.0161
551,0.0162
552,0.0164
553,0.0164
554,0.0166
555,0.0167
556,0.0168
557,0.017
558,0.0171
559,0.0172
560,0.0178
561,0.0181
562,0.0181
563,0.0183
564,0.0183
565,0.0187
566,0.0191
567,0.0202
568,0.0221
569,0.0234
570,0.0258
571,0.0288
572,0.0346
573,0.0482
574,0.0495
575,0.0709
576,0.0852
577,0.1137
578,0.2218
579,0.3949
580,0.6102
581,0.8734
582,0.8749
583,0.8784
584,1.0846
585,3.3738
586,6.2273
587,6.2543
588,6.2752
589,6.3005
590,6.3059
591,6.3667
592,6.3989
593,6.4241
594,6.5708
595,6.6296
596,6.7021
597,6.7802
598,6.8461
599,7.1764
